model,accuracy,precision,recall,f1,roc_auc,cv_accuracy_mean,cv_accuracy_std,cv_precision_mean,cv_precision_std,cv_recall_mean,cv_recall_std,cv_f1_mean,cv_f1_std,cv_roc_auc_mean,cv_roc_auc_std
Logistic Regression,0.8563333333333333,0.621186150154268,0.906,0.7370347773032336,0.9484695,0.8863214285714287,0.003637951879499083,0.8589968038182185,0.0030510233780616197,0.924392857142857,0.007181680208157783,0.8904801700112506,0.003789502625946755,0.9557823086734694,0.0019339094400899265
Random Forest,0.8997777777777778,0.7444345503116652,0.836,0.7875647668393783,0.96419975,0.9422142857142859,0.0023699597430491175,0.9249802482312404,0.0030135098673302716,0.9625,0.002789374884252347,0.9433638203516193,0.0023027858970186914,0.9885703890306123,0.0010787273630910412
MLPClassifier (ANN),0.8727777777777778,0.6661484648270501,0.857,0.7496173190465777,0.9551237857142858,0.9138928571428572,0.00505978290653112,0.8973208764953613,0.005723646313309203,0.9348214285714287,0.011178628480000452,0.9156353722892984,0.005272329086129221,0.9736657716836733,0.0021998939236609425
